data,n,m,i,total_cnp,concluidos,falhas,mensagens,propostas,recusas,tempo_ms,preco_medio
2026-09-18T01:09:42.311702400Z,2,6,3,6,6,0,90,12,24,195,770.46
2026-09-18T01:10:00.244241140Z,3,5,4,12,12,0,153,21,39,175,793.30
2026-09-18T01:12:49.411244518Z,2,6,3,6,6,0,90,12,24,188,810.38
2026-09-18T01:13:25.267740139Z,2,6,3,6,6,0,90,12,24,152,753.42
2026-09-18T01:13:50.734216903Z,2,6,3,6,6,0,90,12,24,159,756.93
2026-09-18T01:16:05.163874271Z,10,15,5,50,50,0,1788,250,500,386,875.33
2026-09-18T01:17:06.448083293Z,2,6,3,6,6,0,89,12,24,10141,774.38
2026-09-18T01:19:02.016988673Z,10,15,5,50,50,0,1765,250,500,429,869.15
2026-09-18T01:20:18.859861899Z,2,10,3,6,6,0,144,20,40,181,768.49
2026-09-18T01:20:26.350709131Z,10,10,3,30,30,0,729,100,200,310,810.25
2026-09-18T01:20:34.343805698Z,50,10,3,150,147,3,3637,500,1000,610,855.27
2026-09-18T01:20:42.393580288Z,100,10,3,300,300,0,7300,1000,2000,1037,844.36
2026-09-18T01:20:50.852672155Z,199,10,3,597,597,0,14527,1990,3980,1490,867.94
2026-09-18T01:20:58.482682158Z,10,2,3,30,18,12,158,20,40,179,1189.99
2026-09-18T01:21:05.782931404Z,10,10,3,30,30,0,729,100,200,278,827.42
2026-09-18T01:21:13.569921927Z,10,25,3,30,30,0,1758,250,500,449,743.13
2026-09-18T01:21:22.904999308Z,10,49,3,30,30,0,3385,490,980,734,732.63
2026-09-18T01:21:31.806714090Z,10,10,1,10,10,0,247,40,60,311,603.25
2026-09-18T01:21:39.935214469Z,10,10,3,30,30,0,723,100,200,289,785.62
2026-09-18T01:21:57.280273415Z,10,10,5,50,50,0,1219,170,330,10350,940.02
2026-09-18T01:22:14.628172718Z,10,10,9,90,90,0,2189,300,600,10392,871.68
